URL,Headline,Time
https://www.fox9.com/search?q=Minnesota+students+site:fox9.com&tbs=&lr=&sca_esv=589597305&as_qdr=all&gbv=1&sei=Ev51ZYqoC-uZ5OMP46yKmAw,n/a,"September 6, 2016"
https://www.fox9.com/search?q=Minnesota+students+site:fox9.com&tbs=&lr=&sca_esv=589597305&as_qdr=all&gbv=1&sei=Ev51ZYqoC-uZ5OMP46yKmAw,n/a,"September 30, 2022"
https://www.fox9.com/search?q=Minnesota+students+site:fox9.com&tbs=&lr=&sca_esv=589597305&as_qdr=all&gbv=1&sei=Ev51ZYqoC-uZ5OMP46yKmAw,n/a,"October 4, 2022"
https://www.fox9.com/search?q=Minnesota+students+site:fox9.com&tbs=&lr=&sca_esv=589597305&as_qdr=all&gbv=1&sei=Ev51ZYqoC-uZ5OMP46yKmAw,n/a,June 30
https://www.fox9.com/search?q=Minnesota+students+site:fox9.com&tbs=&lr=&sca_esv=589597305&as_qdr=all&gbv=1&sei=Ev51ZYqoC-uZ5OMP46yKmAw,n/a,"August 29, 2019"
https://www.fox9.com/search?q=Minnesota+students+site:fox9.com&tbs=&lr=&sca_esv=589597305&as_qdr=all&gbv=1&sei=Ev51ZYqoC-uZ5OMP46yKmAw,n/a,"August 25, 2022"
https://www.fox9.com/search?q=Minnesota+students+site:fox9.com&tbs=&lr=&sca_esv=589597305&as_qdr=all&gbv=1&sei=Ev51ZYqoC-uZ5OMP46yKmAw,n/a,"August 27, 2022"
https://www.fox9.com/search?q=Minnesota+students+site:fox9.com&tbs=&lr=&sca_esv=589597305&as_qdr=all&gbv=1&sei=Ev51ZYqoC-uZ5OMP46yKmAw,n/a,"February 11, 2018"
https://www.fox9.com/search?q=Minnesota+students+site:fox9.com&tbs=&lr=&sca_esv=589597305&as_qdr=all&gbv=1&sei=Ev51ZYqoC-uZ5OMP46yKmAw,n/a,"May 4, 2022"
https://www.fox9.com/search?q=Minnesota+students+site:fox9.com&tbs=&lr=&sca_esv=589597305&as_qdr=all&gbv=1&sei=Ev51ZYqoC-uZ5OMP46yKmAw,n/a,"January 28, 2015"
https://www.google.com/search?as_q=Minnesota+students&as_epq=&as_oq=&as_eq=&as_nlo=&as_nhi=&lr=&cr=&as_qdr=all&as_sitesearch=fox9.com&as_occt=any&as_filetype=&tbs=#,n/a,n/a
https://www.google.com/search?as_q=Minnesota+students&as_epq=&as_oq=&as_eq=&as_nlo=&as_nhi=&lr=&cr=&as_qdr=all&as_sitesearch=fox9.com&as_occt=any&as_filetype=&tbs=#,n/a,n/a
https://support.google.com/websearch/answer/181196?hl=en,n/a,n/a
https://www.google.com/webhp?hl=en&ictx=2&sa=X&ved=0ahUKEwiK-cPguoWDAxXrDHkGHWOWAsMQPQgJ,n/a,n/a
https://www.google.com/search?as_q=Minnesota+students&as_epq=&as_oq=&as_eq=&as_nlo=&as_nhi=&lr=&cr=&as_qdr=all&as_sitesearch=fox9.com&as_occt=any&as_filetype=&tbs=#,n/a,n/a
https://www.google.com/intl/en/about/products?tab=wh,n/a,n/a
https://accounts.google.com/ServiceLogin?hl=en&passive=true&continue=https://www.google.com/search%3Fas_q%3DMinnesota%2Bstudents%26as_epq%3D%26as_oq%3D%26as_eq%3D%26as_nlo%3D%26as_nhi%3D%26lr%3D%26cr%3D%26as_qdr%3Dall%26as_sitesearch%3Dfox9.com%26as_occt%3Dany%26as_filetype%3D%26tbs%3D&ec=GAZAAQ,n/a,n/a
https://www.google.com/search?q=Minnesota+students+site:fox9.com&lr=&sca_esv=589597305&tbm=isch&source=lnms&sa=X&ved=2ahUKEwiK-cPguoWDAxXrDHkGHWOWAsMQ_AUoAXoECAEQAw,n/a,n/a
https://www.google.com/search?q=Minnesota+students+site:fox9.com&lr=&sca_esv=589597305&tbm=nws&source=lnms&sa=X&ved=2ahUKEwiK-cPguoWDAxXrDHkGHWOWAsMQ_AUoAnoECAEQBA,n/a,n/a
https://www.google.com/search?q=Minnesota+students+site:fox9.com&lr=&sca_esv=589597305&tbm=vid&source=lnms&sa=X&ved=2ahUKEwiK-cPguoWDAxXrDHkGHWOWAsMQ_AUoA3oECAEQBQ,n/a,n/a
https://www.google.com/search?q=Minnesota+students+site:fox9.com&lr=&sca_esv=589597305&tbm=shop&source=lnms,n/a,n/a
https://maps.google.com/maps?as_epq=&as_oq=&as_eq=&as_nlo=&as_nhi=&lr=&cr=&as_qdr=all&as_sitesearch=fox9.com&as_occt=any&as_filetype=&q=Minnesota+students+site:fox9.com&um=1&ie=UTF-8,n/a,n/a
https://www.google.com/search?q=Minnesota+students+site:fox9.com&lr=&sca_esv=589597305&tbm=bks&source=lnms&sa=X&ved=2ahUKEwiK-cPguoWDAxXrDHkGHWOWAsMQ_AUoAXoECAEQCw,n/a,n/a
https://www.google.com/travel/flights?q=Minnesota+students+site:fox9.com&lr=&sca_esv=589597305&tbm=flm&source=lnms,n/a,n/a
https://www.google.com/finance?sa=X&ved=2ahUKEwiK-cPguoWDAxXrDHkGHWOWAsMQ_AUoA3oECAEQDQ,n/a,n/a
https://www.google.com/setprefs?sig=0_8nNhmxGPhSxFmCXMr-IG-XCQZlw%3D&prev=https://www.google.com/search?as_q%3DMinnesota%2Bstudents%26as_epq%3D%26as_oq%3D%26as_eq%3D%26as_nlo%3D%26as_nhi%3D%26lr%3D%26cr%3D%26as_qdr%3Dall%26as_sitesearch%3Dfox9.com%26as_occt%3Dany%26as_filetype%3D%26tbs%3D&safeui=on,n/a,n/a
https://www.google.com/search?as_q=Minnesota+students&as_epq=&as_oq=&as_eq=&as_nlo=&as_nhi=&lr=&cr=&as_qdr=all&as_sitesearch=fox9.com&as_occt=any&as_filetype=&tbs=#,n/a,n/a
https://www.google.com/setprefs?sig=0_8nNhmxGPhSxFmCXMr-IG-XCQZlw%3D&prev=https://www.google.com/search?as_q%3DMinnesota%2Bstudents%26as_epq%3D%26as_oq%3D%26as_eq%3D%26as_nlo%3D%26as_nhi%3D%26lr%3D%26cr%3D%26as_qdr%3Dall%26as_sitesearch%3Dfox9.com%26as_occt%3Dany%26as_filetype%3D%26tbs%3D&safeui=off,n/a,n/a
https://www.google.com/safesearch?hl=en&prev=https://www.google.com/search?as_q%3DMinnesota%2Bstudents%26as_epq%3D%26as_oq%3D%26as_eq%3D%26as_nlo%3D%26as_nhi%3D%26lr%3D%26cr%3D%26as_qdr%3Dall%26as_sitesearch%3Dfox9.com%26as_occt%3Dany%26as_filetype%3D%26tbs%3D&sa=X&ved=2ahUKEwiK-cPguoWDAxXrDHkGHWOWAsMQ3fwIegQIARAX,n/a,n/a
https://www.google.com/search?q=Minnesota+students+site:fox9.com&lr=&sca_esv=589597305&source=lnt&tbs=qdr:h&sa=X&ved=2ahUKEwiK-cPguoWDAxXrDHkGHWOWAsMQpwV6BAgBEB4,n/a,n/a
https://www.google.com/search?q=Minnesota+students+site:fox9.com&lr=&sca_esv=589597305&source=lnt&tbs=qdr:d&sa=X&ved=2ahUKEwiK-cPguoWDAxXrDHkGHWOWAsMQpwV6BAgBEB8,n/a,n/a
https://www.google.com/search?q=Minnesota+students+site:fox9.com&lr=&sca_esv=589597305&source=lnt&tbs=qdr:w&sa=X&ved=2ahUKEwiK-cPguoWDAxXrDHkGHWOWAsMQpwV6BAgBECA,n/a,n/a
https://www.google.com/search?q=Minnesota+students+site:fox9.com&lr=&sca_esv=589597305&source=lnt&tbs=qdr:m&sa=X&ved=2ahUKEwiK-cPguoWDAxXrDHkGHWOWAsMQpwV6BAgBECE,n/a,n/a
https://www.google.com/search?q=Minnesota+students+site:fox9.com&lr=&sca_esv=589597305&source=lnt&tbs=qdr:y&sa=X&ved=2ahUKEwiK-cPguoWDAxXrDHkGHWOWAsMQpwV6BAgBECI,n/a,n/a
https://www.google.com/search?q=Minnesota+students+site:fox9.com&lr=&sca_esv=589597305&as_qdr=all&source=lnt&tbs=li:1&sa=X&ved=2ahUKEwiK-cPguoWDAxXrDHkGHWOWAsMQpwV6BAgBECk,n/a,n/a
https://www.google.com/history/optout?hl=en,n/a,n/a
https://www.google.com/safesearch?prev=https://www.google.com/search?as_q%3DMinnesota%2Bstudents%26as_epq%3D%26as_oq%3D%26as_eq%3D%26as_nlo%3D%26as_nhi%3D%26lr%3D%26cr%3D%26as_qdr%3Dall%26as_sitesearch%3Dfox9.com%26as_occt%3Dany%26as_filetype%3D%26tbs%3D&sa=X&ved=2ahUKEwiK-cPguoWDAxXrDHkGHWOWAsMQ8JsIegQIBxAG,n/a,n/a
https://www.google.com/preferences?lang=1&hl=en&prev=https://www.google.com/search?q%3DMinnesota%2Bstudents%2Bsite:fox9.com%26lr%3D%26sca_esv%3D589597305%26as_qdr%3Dall#languages,n/a,n/a
https://www.google.com/setprefs?hl=en&prev=https://www.google.com/search?as_q%3DMinnesota%2Bstudents%26as_epq%26as_oq%26as_eq%26as_nlo%26as_nhi%26lr%26cr%26as_qdr%3Dall%26as_sitesearch%3Dfox9.com%26as_occt%3Dany%26as_filetype%26tbs%26pccc%3D1&sig=0_8nNhmxGPhSxFmCXMr-IG-XCQZlw%3D&cs=1&sa=X&ved=2ahUKEwiK-cPguoWDAxXrDHkGHWOWAsMQqsEHegQIBxAI&ictx=1,n/a,n/a
https://www.google.com/preferences?hl=en&prev=https://www.google.com/search?q%3DMinnesota%2Bstudents%2Bsite:fox9.com%26lr%3D%26sca_esv%3D589597305%26as_qdr%3Dall,n/a,n/a
https://www.google.com/advanced_search?q=Minnesota+students+site:fox9.com&lr&sca_esv=589597305&as_qdr=all&hl=en,n/a,n/a
https://support.google.com/websearch/?p=dsrp_search_hc&hl=en,n/a,n/a
https://policies.google.com/privacy?hl=en&fg=1,n/a,n/a
https://policies.google.com/terms?hl=en&fg=1,n/a,n/a
https://www.fox9.com/news/minnesota-department-of-education-cyberattack-over-95k-students-data-breached,Minnesota Department of Education cyberattack: Over 95k students data breached,"June 9, 2023"
https://www.fox9.com/news/misled-u-of-m-students-share-painful-housing-stories-with-state-senate,‘Misled’ U of M students share painful housing stories with state senate,"September 13, 2023"
https://www.fox9.com/news/thousands-of-twin-cities-school-laptops-ipads-lost-or-stolen-costing-millions,"Thousands of Twin Cities school laptops and iPads lost or stolen, costing millions","October 29, 2023"
https://www.fox9.com/news/thousands-of-twin-cities-school-laptops-ipads-lost-or-stolen-costing-millions,,"October 29, 2023"
https://www.fox9.com/news/schoolkids-in-minnesota-7-other-states-can-now-eat-free-school-meals,"Schoolkids in Minnesota, 7 other states, can now eat free school meals","August 28, 2023"
https://www.fox9.com/news/minnesota-education-assessment-scores-still-below-pre-covid-levels,Minnesota education assessment scores still below pre-COVID levels,"August 24, 2023"
https://www.fox9.com/news/professionals-say-minnesota-schools-are-facing-a-mental-health-crisis,Broken at best: Psychologists say Minnesota students facing mental health crisis,"February 19, 2023"
https://www.fox9.com/news/university-of-minnesota-police-looking-for-missing-student,University of Minnesota Police looking for missing student,"October 22, 2023"
https://www.fox9.com/news/minnesota-schools-racial-disparity-local-org-tackles-teacher-diversity-gap,Minnesota schools' racial disparity: Local org tackles teacher diversity gap,"April 17, 2023"
https://www.fox9.com/news/minnesota-schools-offer-free-meals-after-law-change,Minnesota schools offer free meals after law change,"September 5, 2023"
https://www.fox9.com/news/u-of-m-students-misled-into-rent-payments-at-unopened-apartment-lawsuits-claim,"U of M students misled into rent payments at unopened apartment, lawsuits claim","September 5, 2023"
https://www.fox9.com/news/minnesota-students-detail-lebron-james-surprise-visit,Rochester students say Lebron James was ‘kind’ during stay in Rochester,"September 15, 2023"
https://www.fox9.com/news/educational-financial-benefits-of-free-school-meals-law-in-minnesota,Free school meals law begins in Minnesota this school year,"July 19, 2023"
https://www.fox9.com/news/many-classrooms-will-not-have-ac-on-a-hot-first-day-of-school,Many classrooms will not have AC on a hot first day of school,"September 4, 2023"
https://www.fox9.com/news/north-dakota-state-makes-new-scholarship-to-compete-with-minnesota-free-tuition-program,North Dakota State makes new scholarship to compete with Minnesota free tuition program,"November 11, 2023"
https://www.fox9.com/news/homecoming-canceled-at-southern-mn-high-school-amid-allegations-of-targeted-racist-vandalism,Homecoming canceled at southern MN high school amid allegations of targeted racist vandalism,"October 13, 2023"
https://www.fox9.com/news/hunger-in-minnesota-senator-says-he-never-met-a-hungry-person-but-stats-show-food-insecurity-is-rising,"Hunger in Minnesota: Senator says he never met a hungry person, but stats show food insecurity is rising","March 15, 2023"
https://www.fox9.com/video/1280914,Ukrainian students in MN head back home,September 17
https://www.fox9.com/video/1280914,Ukrainian students in MN head back home,September 17
https://www.fox9.com/news/minnesota-students-help-provide-solar-power-to-others-in-east-africa,Minnesota students help provide solar power to others in East Africa,"May 21, 2023"
https://www.fox9.com/news/bill-pushes-for-outdoor-education-for-all-minnesota-children,Bill pushes for outdoor education for all Minnesota children,"July 16, 2023"
https://www.fox9.com/news/students-from-ukraine-embark-on-leadership-program-in-minnesota,Students from Ukraine embark on leadership program in Minnesota,"August 9, 2023"
https://www.fox9.com/news/report-shows-minnesota-students-behind-in-math-reading-following-pandemic,"Report shows Minnesota students behind in math, reading following pandemic","August 25, 2022"
https://www.fox9.com/news/business-man-turned-shop-teacher-finds-unique-ways-to-train-students-for-real-world-careers,Businessman turned shop teacher finds unique ways to train students for real world careers,"June 4, 2023"
https://www.fox9.com/video/1261697,Ukrainian students arrive in Minnesota,August 9
https://www.fox9.com/video/1261697,Ukrainian students arrive in Minnesota,August 9
https://www.fox9.com/news/u-of-m-students-taking-issue-with-subpar-food-service-on-campus,U of M students taking issue with subpar food service on campus,"February 6, 2023"
https://www.fox9.com/news/black-men-teach-molds-next-generation-of-minnesota-school-teachers,'Black Men Teach' molds next generation of Minnesota school teachers,"July 1, 2023"
https://www.fox9.com/news/northern-minnesota-schools-face-potential-closure-due-to-distance-district-decisions,"Northern Minnesota schools face potential closure due to distance, district decisions","April 4, 2023"
https://www.fox9.com/news/gov-walz-set-to-sign-free-school-lunch-bill-into-law,Gov. Walz signs free school lunch bill into law,"March 16, 2023"
https://www.google.com/search?lr&sa=N&sca_esv=589597305&as_qdr=all&cs=1&q=Minnesota+students+site:fox9.com&tbm=isch&source=univ&fir=VFP8rpNmHKEmOM%252CYCquMunCioSsXM%252C_%253B_vDEiM4kThe7SM%252CSzfjvaFICnwCvM%252C_%253B5OMNGBHFQ8W6-M%252CSSUDE6D5qb9CcM%252C_%253B5Kkq5UQxEtOZrM%252CDKzhWJjbmUjtZM%252C_%253Bgz1Q5hVLsKF3MM%252CWDhN1ldkNZF2GM%252C_%253Bv3jly8pOGVSIqM%252CA3pBCbaRvsFLIM%252C_%253BzpZOItVV6w2_7M%252CfnUMzloMHyA2lM%252C_%253B0_vxvNhrxaM-jM%252CLtTCpMr7FIgzAM%252C_%253BbTZIk9ZSXxOt5M%252CL-tXdJ89arGMEM%252C_%253BMNF2AU16qIqiIM%252COFbOeEsGs4cPrM%252C_&usg=AI4_-kS8HYk-b3pfhtJXFmtjRYC4TZlwsQ,n/a,n/a
"https://www.google.com/search?lr=&sca_esv=589597305&as_qdr=all&cs=1&q=Minnesota+students+site:fox9.com&tbm=isch&chips=q:minnesota+students,online_chips:school+lunch:DgIL4EXeAr8%3D&usg=AI4_-kRRAJtj6x27e7hMtvcozxH2X2wyfQ&sa=X&ved=2ahUKEwjv2L7iuoWDAxXQmIkEHYHPCE44FBCAigMoAHoECBAQEQ",n/a,n/a
"https://www.google.com/search?lr=&sca_esv=589597305&as_qdr=all&cs=1&q=Minnesota+students+site:fox9.com&tbm=isch&chips=q:minnesota+students,online_chips:ukraine:oRxmk678U1Q%3D&usg=AI4_-kSlDCoS_7uHhwOJMVXomqPMb65aUw&sa=X&ved=2ahUKEwjv2L7iuoWDAxXQmIkEHYHPCE44FBCAigMoAXoECBAQFQ",n/a,n/a
"https://www.google.com/search?lr=&sca_esv=589597305&as_qdr=all&cs=1&q=Minnesota+students+site:fox9.com&tbm=isch&chips=q:minnesota+students,online_chips:walkout:z3SgiNZUiBk%3D&usg=AI4_-kTGGMMTs4DgYuz9fqZHTMAHmhIbMQ&sa=X&ved=2ahUKEwjv2L7iuoWDAxXQmIkEHYHPCE44FBCAigMoAnoECBAQGQ",n/a,n/a
"https://www.google.com/search?lr=&sca_esv=589597305&as_qdr=all&cs=1&q=Minnesota+students+site:fox9.com&tbm=isch&chips=q:minnesota+students,online_chips:protest:fsrVusK7M10%3D&usg=AI4_-kSo1m41ufXnKhPcDnueG2m6zChDKg&sa=X&ved=2ahUKEwjv2L7iuoWDAxXQmIkEHYHPCE44FBCAigMoA3oECBAQHQ",n/a,n/a
"https://www.google.com/search?lr=&sca_esv=589597305&as_qdr=all&cs=1&q=Minnesota+students+site:fox9.com&tbm=isch&chips=q:minnesota+students,online_chips:high+school:KJ2HQZLwKrc%3D&usg=AI4_-kRxS5Hwo02pXE0ElrfsbQMU4Wzdtw&sa=X&ved=2ahUKEwjv2L7iuoWDAxXQmIkEHYHPCE44FBCAigMoBHoECBAQIQ",n/a,n/a
"https://www.google.com/search?lr=&sca_esv=589597305&as_qdr=all&cs=1&q=Minnesota+students+site:fox9.com&tbm=isch&chips=q:minnesota+students,online_chips:ukrainian:qwTHpOn7njY%3D&usg=AI4_-kT6EUWs3wqTBgATfOTez3k1S8n3DA&sa=X&ved=2ahUKEwjv2L7iuoWDAxXQmIkEHYHPCE44FBCAigMoBXoECBAQJQ",n/a,n/a
"https://www.google.com/search?lr=&sca_esv=589597305&as_qdr=all&cs=1&q=Minnesota+students+site:fox9.com&tbm=isch&chips=q:minnesota+students,online_chips:school+meals:X1jvx-fgGu0%3D&usg=AI4_-kSuJpmxjX-4nmLe2vhuDqMPQ1WxUg&sa=X&ved=2ahUKEwjv2L7iuoWDAxXQmIkEHYHPCE44FBCAigMoBnoECBAQKQ",n/a,n/a
"https://www.google.com/search?lr=&sca_esv=589597305&as_qdr=all&cs=1&q=Minnesota+students+site:fox9.com&tbm=isch&chips=q:minnesota+students,online_chips:coronavirus:wG6SMnITXrw%3D&usg=AI4_-kSe7dHsUwCzbjxeRQ4LkX44PBHXyQ&sa=X&ved=2ahUKEwjv2L7iuoWDAxXQmIkEHYHPCE44FBCAigMoB3oECBAQLQ",n/a,n/a
"https://www.google.com/search?lr=&sca_esv=589597305&as_qdr=all&cs=1&q=Minnesota+students+site:fox9.com&tbm=isch&chips=q:minnesota+students,online_chips:jerome+richardson:0xIxROUqqeQ%3D&usg=AI4_-kQMCSrHVntTrahTb73GLr5GZzc51Q&sa=X&ved=2ahUKEwjv2L7iuoWDAxXQmIkEHYHPCE44FBCAigMoCHoECBAQMQ",n/a,n/a
"https://www.google.com/search?lr=&sca_esv=589597305&as_qdr=all&cs=1&q=Minnesota+students+site:fox9.com&tbm=isch&chips=q:minnesota+students,online_chips:twin+cities:bl2lHJsvHg4%3D&usg=AI4_-kSQ2TCJZM4gwUOegZDyw9GhgZzdqg&sa=X&ved=2ahUKEwjv2L7iuoWDAxXQmIkEHYHPCE44FBCAigMoCXoECBAQNQ",n/a,n/a
"https://www.google.com/search?lr=&sca_esv=589597305&as_qdr=all&cs=1&q=Minnesota+students+site:fox9.com&tbm=isch&chips=q:minnesota+students,online_chips:snow:iqh6TQF20TA%3D&usg=AI4_-kSIF02jiEi8w9u2P1bnk3QGejv_ng&sa=X&ved=2ahUKEwjv2L7iuoWDAxXQmIkEHYHPCE44FBCAigMoCnoECBAQOQ",n/a,n/a
https://www.fox9.com/video/1261697,Ukrainian students arrive in Minnesota,August 9
https://www.fox9.com/news/minnesota-students-plan-walkout-monday-to-protest-racial-injustice,"Minnesota students walk out Monday to honor Daunte Wright, protest racial injustice","April 19, 2021"
https://www.fox9.com/video/1168411,"Free meals for Minnesota students advance at Capitol, differences remain",January 18
https://www.fox9.com/news/jerome-richardson-treadwell-student-activist-minnesota,The rise of a young leader: Minnesota student activist Jerome Richardson,"December 21, 2022"
https://www.fox9.com/news/students-from-ukraine-embark-on-leadership-program-in-minnesota,Students from Ukraine embark on leadership program in Minnesota,"August 9, 2023"
https://www.fox9.com/video/1182847,Broken at best: School psychologists say Minnesota students facing mental health crisis,February 19
https://www.fox9.com/news/minnesota-nursing-students-ready-to-join-ranks-of-those-on-the-frontlines-of-the-covid-19-pandemic,Minnesota nursing students ready to join ranks of those on the frontlines of the COVID-19 pandemic,"December 18, 2020"
https://www.fox9.com/news/university-of-minnesota-student-tests-positive-for-coronavirus,University of Minnesota student tests positive for coronavirus,"March 13, 2020"
https://www.fox9.com/news/minnesota-students-questionable-school-lunch-post-goes-viral-sad-excuse-for-a-meal,Minnesota student's questionable school lunch post goes viral: 'Sad excuse for a meal',"September 19, 2019"
https://www.google.com/search?lr=&sa=N&sca_esv=589597305&as_qdr=all&cs=1&q=Minnesota+students+site:fox9.com&tbm=isch&source=univ&fir=VFP8rpNmHKEmOM%252CYCquMunCioSsXM%252C_%253B_vDEiM4kThe7SM%252CSzfjvaFICnwCvM%252C_%253B5OMNGBHFQ8W6-M%252CSSUDE6D5qb9CcM%252C_%253B5Kkq5UQxEtOZrM%252CDKzhWJjbmUjtZM%252C_%253Bgz1Q5hVLsKF3MM%252CWDhN1ldkNZF2GM%252C_%253Bv3jly8pOGVSIqM%252CA3pBCbaRvsFLIM%252C_%253BzpZOItVV6w2_7M%252CfnUMzloMHyA2lM%252C_%253B0_vxvNhrxaM-jM%252CLtTCpMr7FIgzAM%252C_%253BbTZIk9ZSXxOt5M%252CL-tXdJ89arGMEM%252C_%253BMNF2AU16qIqiIM%252COFbOeEsGs4cPrM%252C_&usg=AI4_-kS8HYk-b3pfhtJXFmtjRYC4TZlwsQ&ved=2ahUKEwjv2L7iuoWDAxXQmIkEHYHPCE44FBDsCXoECBAQRA,n/a,n/a
https://www.fox9.com/news/free-meals-for-minnesota-students-advance-at-capitol-differences-remain,"Free meals for Minnesota students advance at Capitol, differences remain","January 18, 2023"
https://www.fox9.com/news/after-texas-shooting-minnesota-students-call-for-changes-to-prevent-violence,"After Texas shooting, Minnesota students call for changes to prevent violence","May 31, 2022"
https://www.fox9.com/news/minnesota-catholic-school-teacher-accused-of-smoking-marijuana-with-students,Minnesota Catholic school teacher accused of smoking marijuana with students,"January 21, 2023"
https://www.fox9.com/news/zero-tolerance-minnesota-schools-crack-down-on-latest-tiktok-challenge,'Zero tolerance': Minnesota school cracks down on TikTok challenges,"October 5, 2021"
https://www.fox9.com/news/minnesota-high-school-trying-new-scheduling-to-raise-student-grades,Minnesota high school trying new scheduling to raise student grades,"April 20, 2022"
https://www.fox9.com/news/college-grant-giving-minnesota-students-raised-in-foster-system-a-life-changing-chance,College grant giving Minnesota students raised in foster system a life-changing chance,"June 12, 2022"
https://www.fox9.com/news/missing-u-of-m-student-found-dead-in-mississippi-river,Missing U of M student found dead in Mississippi River,"October 31, 2023"
https://www.fox9.com/news/university-of-minnesota-students-speak-out-after-videos-show-crowded-bars-parties,"University of Minnesota students speak out after videos show crowded bars, parties","September 22, 2020"
https://www.fox9.com/news/gov-walz-strong-possibility-that-minnesota-students-wont-return-to-classrooms-this-school-year,Gov. Walz: 'Strong possibility' that Minnesota students won't return to classrooms this school year,"April 2, 2020"
https://www.fox9.com/news/queen-elizabeth-ii-funeral-minnesota-students-witness-history-in-britain,Queen Elizabeth II funeral: Minnesota students witness history in Britain,"September 19, 2022"
https://www.fox9.com/news/what-will-fall-look-like-for-minnesota-students,What will fall look like for Minnesota students?,"July 8, 2020"
https://www.fox9.com/video/1079682,Minnesota students marking end of school year,"June 9, 2022"
https://www.fox9.com/video/1079682,Minnesota students marking end of school year,"June 9, 2022"
https://www.fox9.com/news/minnesota-universities-scrambling-after-ice-issues-new-rule-impacting-international-students,Minnesota universities scrambling after ICE issues new rule impacting international students,"July 7, 2020"
https://www.fox9.com/news/hennepin-co-sheriffs-office-to-pull-sro-from-rockford-high-school-after-state-law-changes,Hennepin Co. Sheriff's Office to pull school resource officer after MN law changes,"August 29, 2023"
https://www.fox9.com/news/95-of-students-vaccinated-before-mandate-deadline-university-of-minnesota-officials-said,University of Minnesota: 97% of students are vaccinated before mandate deadline,"October 7, 2021"
https://www.fox9.com/news/school-resources-officers-minnesota-walz-special-session,School resource officers in MN: Walz says special session is possible to clarify new law,"September 5, 2023"
https://www.fox9.com/news/minnesota-school-closings-for-tuesday-friday-feb-21-24,Minnesota school closings for Tuesday-Friday (Feb. 21-24),"February 21, 2023"
https://www.fox9.com/news/supreme-court-justice-amy-coney-barrett-to-lecture-at-university-of-minnesota,Supreme Court Justice Amy Coney Barrett speaks at University of Minnesota,"October 16, 2023"
https://www.fox9.com/election/minnesota-election-results-2023-school-board-races,Minnesota election results 2023: School board races,"November 7, 2023"
https://www.fox9.com/news/nine-minnesota-schools-recognized-for-academic-excellence,"Nine Minnesota schools recognized for academic excellence, closing achievement gap in 2023","September 19, 2023"
https://www.fox9.com/tag/university-of-minnesota,n/a,1 day ago
https://www.fox9.com/tag/university-of-minnesota,n/a,1 day ago
https://www.fox9.com/tag/university-of-minnesota,n/a,6 days ago
https://www.fox9.com/tag/university-of-minnesota,n/a,November 19
https://www.fox9.com/tag/university-of-minnesota,n/a,November 19
https://www.fox9.com/tag/university-of-minnesota,n/a,November 16
https://www.fox9.com/tag/university-of-minnesota,n/a,November 16
https://www.fox9.com/tag/university-of-minnesota,n/a,November 13
https://www.fox9.com/tag/university-of-minnesota,n/a,November 13
https://www.fox9.com/tag/university-of-minnesota,n/a,November 6
https://www.fox9.com/tag/university-of-minnesota,n/a,November 3
https://www.fox9.com/tag/university-of-minnesota,n/a,November 3
https://www.fox9.com/tag/university-of-minnesota,n/a,October 31
https://www.fox9.com/tag/university-of-minnesota,n/a,October 27
https://www.fox9.com/tag/university-of-minnesota,n/a,October 27
https://www.fox9.com/tag/university-of-minnesota,n/a,October 22
https://www.fox9.com/tag/university-of-minnesota,n/a,October 20
https://www.fox9.com/tag/university-of-minnesota,n/a,October 19
https://www.fox9.com/tag/university-of-minnesota,n/a,October 19
https://www.fox9.com/tag/university-of-minnesota,n/a,October 18
https://www.fox9.com/news/minneapolis-public-schools-weighs-taking-cell-phones-out-of-class,Minneapolis school board weighs cell phone policy change,"August 8, 2023"
https://www.fox9.com/news/minnesota-students-questionable-school-lunch-post-goes-viral-sad-excuse-for-a-meal,Minnesota student's questionable school lunch post goes viral: 'Sad excuse for a meal',"September 19, 2019"
https://www.fox9.com/news/2-killed-1-injured-in-minneapolis-shooting-sunday-morning,"Dinkytown double homicide unnerves U of M parents, students","December 3, 2023"
https://www.fox9.com/news/ex-providence-academy-students-sue-school-claiming-they-were-wrongfully-expelled,Ex-Providence Academy students sue school claiming they were wrongfully expelled,"November 10, 2023"
https://www.fox9.com/news/walz-meeting-minnesota-sro-concerns,Live updates: Evening meeting on Minnesota SRO concerns and clarification,"September 20, 2023"
https://www.fox9.com/news/minnesota-businesses-look-for-rebound-as-some-covid-19-restrictions-are-lifted,"Minnesota students and businesses hopeful for prom, graduations this summer","March 12, 2021"
https://www.fox9.com/news/acapulco-church-and-school-with-ties-to-minnesota-hit-by-hurricane-otis,Acapulco church and school with ties to Minnesota hit by Hurricane Otis,"October 29, 2023"
https://www.fox9.com/news/minnetonka-schools-launch-brand-new-aviation-program-give-their-students-wings,"Minnetonka schools launch brand new aviation program, give their students wings","October 9, 2023"
https://www.fox9.com/video/853560,"University of Minnesota students concerned over large parties, crowded bars","September 22, 2020"
https://www.fox9.com/video/853560,"University of Minnesota students concerned over large parties, crowded bars","September 22, 2020"
https://www.fox9.com/news/university-of-minnesota-2-self-quarantined-passengers-who-had-contact-with-covid-19-patient-are-students,University of Minnesota: 2 self-quarantined passengers who had contact with COVID-19 patient are students,"March 4, 2020"
https://www.fox9.com/news/minnesota-school-resource-officers-law-gop-calls-for-special-session,Minnesota school resource officers law: GOP calls for special session,"August 30, 2023"
https://www.fox9.com/news/minnesota-students-return-most-schools-in-hybrid-learning,"Minnesota students return, most schools in hybrid learning","September 8, 2020"
https://www.fox9.com/news/minnesota-state-fair-attendance-school-bus-crash-lutsen-mountains-expansion-this-weeks-top-stories,"Minnesota State Fair attendance, school bus crash, Lutsen Mountains expansion denied: This week's top stories","September 2, 2023"
https://www.fox9.com/news/farmers-students-benefiting-from-expanding-farm-to-school-food-program,"Farmers, students benefiting from expanding Farm to School food program","November 17, 2023"
https://www.fox9.com/video/1295666,School cancels homecoming after disturbing act,October 13
https://www.fox9.com/video/1295666,School cancels homecoming after disturbing act,October 13
https://www.fox9.com/news/list-minnesota-law-enforcement-agencies-that-are-pulling-sros-out-of-schools,List: Minnesota law enforcement agencies that are pulling SROs out of schools,"August 31, 2023"
https://www.fox9.com/election/2023-elections-in-minnesota-how-to-register-to-vote-find-your-polling-place,"2023 Elections in Minnesota: How to register to vote, find your polling place","November 6, 2023"
https://www.fox9.com/video/1313144,Minnesota farm-to-school program expands,November 16
https://www.fox9.com/video/1313144,Minnesota farm-to-school program expands,November 16
https://www.fox9.com/news/some-schools-still-struggling-as-minnesota-students-move-to-online-learning,Some schools still struggling as Minnesota students move to online learning,"April 1, 2020"
https://www.fox9.com/news/school-board-candidates-increasingly-endorsed-by-partisan-groups,School board candidates increasingly endorsed by partisan groups,"November 7, 2023"
https://www.fox9.com/news/university-professors-dealing-with-onset-of-ai-chatgpt-usage-among-students,"University professors dealing with onset of AI, ChatGPT usage among students","September 4, 2023"
https://www.fox9.com/tag/organization/minneapolis-public-schools,n/a,December 1
https://www.fox9.com/tag/organization/minneapolis-public-schools,n/a,December 1
https://www.fox9.com/tag/organization/minneapolis-public-schools,n/a,November 15
https://www.fox9.com/tag/organization/minneapolis-public-schools,n/a,November 13
https://www.fox9.com/tag/organization/minneapolis-public-schools,n/a,October 29
https://www.fox9.com/tag/organization/minneapolis-public-schools,n/a,September 19
https://www.fox9.com/tag/organization/minneapolis-public-schools,n/a,September 1
https://www.fox9.com/tag/organization/minneapolis-public-schools,n/a,August 30
https://www.fox9.com/tag/organization/minneapolis-public-schools,n/a,August 8
https://www.fox9.com/tag/organization/minneapolis-public-schools,n/a,August 8
https://www.fox9.com/tag/organization/minneapolis-public-schools,n/a,August 8
https://www.fox9.com/tag/organization/minneapolis-public-schools,n/a,July 5
https://www.fox9.com/tag/organization/minneapolis-public-schools,n/a,June 13
https://www.fox9.com/tag/organization/minneapolis-public-schools,n/a,March 17
https://www.fox9.com/tag/organization/minneapolis-public-schools,n/a,March 17
https://www.fox9.com/tag/organization/minneapolis-public-schools,n/a,March 9
https://www.fox9.com/tag/organization/minneapolis-public-schools,n/a,March 9
https://www.fox9.com/tag/organization/minneapolis-public-schools,n/a,March 8
https://www.fox9.com/tag/organization/minneapolis-public-schools,n/a,March 7
https://www.fox9.com/tag/organization/minneapolis-public-schools,n/a,March 3
https://www.fox9.com/news/8-students-in-same-minnesota-district-score-perfect-36-on-act,8 students in same Minnesota district score perfect '36' on ACT,"December 18, 2017"
https://www.fox9.com/election/minnesota-election-results-roundup-2023-local-races,Minnesota election results roundup: 2023 local races,"November 7, 2023"
https://www.fox9.com/video/1270554,U of M students move in day,August 28
https://www.fox9.com/video/1270554,U of M students move in day,August 28
https://www.fox9.com/news/north-minneapolis-high-school-name-change-school-board-vote,North Minneapolis high school name change up for school board approval vote,"November 15, 2023"
https://www.fox9.com/news/minnesota-students-plan-walkout-monday-to-protest-racial-injustice,"Minnesota students walk out Monday to honor Daunte Wright, protest racial injustice","April 19, 2021"
https://www.fox9.com/news/university-of-minnesota-investigating-potential-data-breach,University of Minnesota investigates alleged data breach involving 7 million alumni,"August 22, 2023"
https://www.fox9.com/news/university-of-minnesota-doctors-medical-student-rally-against-use-of-less-lethal-weapons-on-protesters,"University of Minnesota doctors, medical students rally against use of less-lethal weapons on protesters","April 17, 2021"
https://www.fox9.com/news/minnesota-students-educators-see-some-glitches-on-first-day-of-distance-learning,"Minnesota students, educators see some 'glitches' on first day of distance learning","March 30, 2020"
https://www.fox9.com/news/catholic-school-in-north-minneapolis-gets-creative-to-fill-positions-during-teachers-shortage,Catholic school in north Minneapolis gets creative to fill positions during teacher's shortage,"September 15, 2023"
https://www.fox9.com/news/minneapolis-student-pointed-gun-at-another-student-dean-stepped-between-them-charges,"Minneapolis student pointed gun at another student, dean stepped between them: Charges","March 3, 2023"
https://www.fox9.com/news/minneapolis-southwest-high-school-all-clear-after-credible-threat,Minneapolis Southwest High School all clear after 'credible threat',"January 28, 2015"
https://www.fox9.com/video/1182828,Minnesota schools face mental health crisis [Full interview],February 19
https://www.fox9.com/video/1182828,Minnesota schools face mental health crisis [Full interview],February 19
https://www.fox9.com/video/1104351,Black high school students from Minnesota perform at Fringe Festival in Scotland,"August 11, 2022"
https://www.fox9.com/video/1104351,Black high school students from Minnesota perform at Fringe Festival in Scotland,"August 11, 2022"
https://www.fox9.com/news/students-teachers-create-george-floyd-tribute-on-richfield-fence,"Students, teachers create George Floyd tribute on Richfield fence","June 2, 2020"
https://www.fox9.com/news/globe-univ-minnesota-school-of-business-blocked-from-federal-student-loans,"Globe Univ., Minnesota School of Business blocked from federal student loans","December 7, 2016"
https://www.fox9.com/news/vikings-defensive-end-shares-passion-for-reading-with-minneapolis-elementary-students,Vikings defensive end shares passion for reading with Minneapolis elementary students,"February 26, 2020"
https://www.fox9.com/news/carver-county-students-want-graduation-venue-change-over-churchs-stance-of-lgbtq-issues,Carver County students want graduation moved from church,"May 30, 2023"
https://www.fox9.com/news/the-nursing-pipeline-hopes-to-thwart-burnout,"Nursing students prepared for an environment with burnout, staffing shortages","December 8, 2022"
https://www.fox9.com/news/university-of-minnesota-law-school-opens-room-for-students-to-de-stress,University of Minnesota Law School opens room for students to de-stress,"October 21, 2018"
https://www.fox9.com/news/repairing-readers-brooklyn-park-school-sees-success-with-scientific-approach,Brooklyn Park school seeing success with scientific reading approach,"November 3, 2023"
https://www.fox9.com/news/unique-student-custodian-relationship-formed-at-maple-lake-elementary,Unique student-custodian relationship formed at Maple Lake Elementary,"September 12, 2023"
https://www.fox9.com/news/students-safe-after-school-bus-fire-in-maplewood-minnesota,"Students safe after school bus fire in Maplewood, Minnesota","January 13, 2020"
https://www.fox9.com/news/minnesota-school-districts-prepare-for-return-to-in-person-learning,Minnesota school districts prepare for return to in-person learning,"January 18, 2021"
https://www.fox9.com/news/minneapolis-students-perform-for-cast-of-hamilton,Minneapolis students perform for cast of 'Hamilton',"September 18, 2018"
https://www.fox9.com/news/list-of-mask-policies-in-minnesota-public-schools,List: Mask policies for Minnesota school districts,"August 18, 2021"
https://www.fox9.com/video/1274903,U of M apartment lawsuits filed by students,September 5
https://www.fox9.com/video/1274903,U of M apartment lawsuits filed by students,September 5
https://www.fox9.com/news/virus-surge-causing-staffing-strain-at-minnesota-schools,Virus surge causing staffing strain at Minnesota schools,"November 23, 2022"
https://www.fox9.com/news/school-lunch-shaming-decreasing-but-still-a-problem-in-minnesota,"School lunch shaming decreasing, but still a problem in Minnesota","September 4, 2019"
https://www.fox9.com/news/high-school-student-dies-in-dakota-county-following-rollover-crash,MN high school student dies following rollover crash,"November 30, 2023"
https://www.fox9.com/news/albert-lea-quarantines-nearly-300-students-for-covid-19-in-first-week-of-school,Albert Lea quarantines nearly 300 students for COVID-19 in first week of school,"August 26, 2021"
https://www.fox9.com/news/minneapolis-renters-rights-lease-agreements-to-be-focus-of-ordinance-change-proposal,"Minneapolis renter's rights, lease agreements to be focus of ordinance change proposal","October 18, 2023"
https://www.fox9.com/news/minnesota-students-involved-in-covid-19-film,Minnesota filmmaker's 'COVID Confessions' shines light on education during pandemic,"April 18, 2023"
https://www.fox9.com/news/study-finds-discipline-disparities-for-students-of-color,Study finds discipline disparities for students of color,"March 4, 2018"
https://www.fox9.com/news/2-univ-of-minnesota-students-robbed-in-dinkytown-alley,2 Univ. of Minnesota students robbed in Dinkytown alley,"September 10, 2015"
https://www.fox9.com/news/minnesota-students-build-outdoor-classroom-out-of-snow,Minnesota students build outdoor classroom out of snow,"February 25, 2021"
https://www.fox9.com/news/north-dakota-scholarship-minnesota-tuition-program,North Dakota State extends new scholarship brought amid worries about Minnesota tuition program,"November 30, 2023"
https://www.fox9.com/news/minneapolis-high-school-principals-share-safety-concerns-for-students-as-crime-heightens,Minneapolis high school principals share safety concerns for students as crime heightens,"November 11, 2021"
https://www.fox9.com/news/mustang-driver-killed-in-crash-with-school-bus-carrying-waseca-volleyball-team,Mustang driver killed in crash with school bus carrying Waseca volleyball teams,"August 27, 2023"
https://www.fox9.com/news/small-minnesota-school-bus-company-helps-amid-driver-shortage,Small Minnesota school bus company helps amid driver shortage,"October 5, 2021"
https://www.fox9.com/news/new-school-year-brings-changes-to-university-of-minnesota,New school year brings changes to University of Minnesota,"August 30, 2016"
https://www.fox9.com/news/minnesota-student-loans-receive-645-million-in-income-driven-repayment-forgiveness,Minnesota student loans receive $645 million in income-driven repayment forgiveness,"July 19, 2023"
https://www.fox9.com/news/student-survey-alarms-officials-1-in-4-minnesota-11th-graders-vape,Student survey alarms officials: 1 in 4 Minnesota 11th graders vape,"October 2, 2019"
https://www.fox9.com/news/president-biden-launches-rural-investment-plan-in-minnesota,President Biden launches rural investment plan in Minnesota,"November 1, 2023"
https://www.fox9.com/news/new-owatonna-high-school-offers-career-pathways-for-students,New Owatonna High School offers career pathways for students,"October 26, 2023"
https://www.fox9.com/news/2nd-minnesota-student-wins-100000-scholarship-for-covid-vaccine,"2nd Minnesota student wins $100,000 scholarship for COVID vaccine","December 13, 2021"
https://www.fox9.com/video/1112010,Minnesota comfort dog going to Texas to help as Uvalde students return to school,"August 30, 2022"
https://www.fox9.com/video/1112010,Minnesota comfort dog going to Texas to help as Uvalde students return to school,"August 30, 2022"
https://www.fox9.com/news/pandemic-learning-loss-how-st-paul-is-trying-to-help-students-catch-up,Pandemic learning loss: How St. Paul is trying to help students catch up,"October 24, 2022"
https://www.fox9.com/news/bloomington-teachers-learn-pickleball-add-sport-to-curriculum-for-students,"Bloomington teachers learn pickleball, add sport to curriculum for students","October 18, 2023"
https://www.fox9.com/news/campus-life-hangs-in-the-balance-at-the-university-of-minnesota-ahead-of-monday-vote-on-move-in-date,Campus life hangs in the balance at the University of Minnesota ahead of Monday vote on move-in date,"August 23, 2020"
https://www.fox9.com/news/un-frog-getable-what-happened-to-minnesotas-deformed-frogs,Un-Frog-getable: What happened to Minnesota’s deformed frogs?,"May 9, 2021"
https://www.fox9.com/news/parents-staff-students-anxiously-wait-for-mask-guidance-from-school-districts,"Parents, staff, students anxiously wait for mask guidance from Minnesota school districts","August 1, 2021"
https://www.fox9.com/news/university-of-minnesota-regents-discuss-possible-changes-to-allow-for-in-person-learning-this-fall,University of Minnesota Regents discuss possible changes to allow for in-person learning this fall,"June 11, 2020"
https://www.fox9.com/news/42-million-in-relief-secured-for-defrauded-students-of-msb-globe-university,$42 million in relief secured for defrauded students of MSB/Globe University,"March 16, 2021"
https://www.fox9.com/news/its-a-bummer-minnesota-high-school-seniors-reflect-on-loss-of-milestone-moments,'It's a bummer': Minnesota high school seniors reflect on loss of milestone moments,"April 24, 2020"
https://www.fox9.com/news/minneapolis-st-paul-school-bus-delays-students-stranded-on-snowy-roads-after-930-p-m,"Minneapolis, St. Paul school bus delays: Students stranded on snowy roads after 9:30 p.m.","January 23, 2018"
https://www.fox9.com/news/new-university-of-minnesota-program-looks-to-revolutionize-medical-school,New University of Minnesota program looks to revolutionize medical school,"June 6, 2018"
https://www.fox9.com/news/fact-check-jensen-misstates-test-score-slump-walzs-covid-claim-lacks-data,Fact Check: Jensen misstates test score slump; Walz's COVID claim lacks data,"September 5, 2022"
https://www.fox9.com/news/minnesota-high-school-graduation-rate-hits-new-high,Minnesota high school graduation rate hits new high,"February 27, 2018"
https://www.fox9.com/video/1060073,Minnesota high school trying new scheduling to raise student grades,"April 20, 2022"
https://www.fox9.com/video/1060073,Minnesota high school trying new scheduling to raise student grades,"April 20, 2022"
https://www.fox9.com/news/oregon-trail-50-years-later-how-3-minnesota-student-teachers-blazed-a-new-trail-in-gaming,'Oregon Trail' 50 years later: How 3 Minnesota student teachers blazed a new trail in gaming,"November 3, 2021"
https://www.fox9.com/news/13-year-old-set-to-graduate-from-u-of-m,Boy set to graduate University of Minnesota at age 13,"April 21, 2022"
https://www.fox9.com/news/minnesota-student-sparks-inspiration-as-joy-ambassador,Minnesota student sparks inspiration as 'joy ambassador',"June 26, 2022"
https://www.fox9.com/news/after-school-program-introduces-twin-cities-kids-to-squash-with-a-focus-on-higher-education,After school program introduces Twin Cities kids to squash with a focus on higher education,"March 4, 2020"
https://www.fox9.com/news/2-university-of-minnesota-athletes-arrested-in-criminal-sexual-conduct-case,2 University of Minnesota athletes arrested in criminal sexual conduct case,"June 16, 2019"
https://www.fox9.com/video/1090485,Bullets shot into University of Minnesota student's apartment,"July 8, 2022"
https://www.fox9.com/video/848718,YMCA program helps students from 14 Minnesota school districts return to school Tuesday,"September 8, 2020"
https://www.fox9.com/news/study-as-participation-in-high-school-sports-declines-minnesotas-increases,"Study: As participation in high school sports declines, Minnesota's increases","August 26, 2019"
https://www.fox9.com/news/minnesota-elementary-school-teacher-charged-with-criminal-sexual-conduct,Minnesota elementary school teacher charged with criminal sexual conduct,"December 6, 2022"
https://www.fox9.com/news/student-loan-forgiveness-provided-for-more-than-13k-minnesota-borrowers,Student loan forgiveness provided for more than 13K Minnesota borrowers,"May 8, 2023"
https://www.fox9.com/news/minnesota-governor-to-make-decision-on-extending-school-closure-this-week,Minnesota governor to make decision on extending school closure this week,"April 22, 2020"
https://www.fox9.com/news/minneapolis-school-intersection-asphalt-art-pedestrian-safety,Minneapolis school intersection Asphalt Art projects an effort to improve pedestrian safety,"November 20, 2023"
https://www.fox9.com/news/court-locker-room-segregation-of-trans-student-violates-law,Court: Locker room segregation of trans student violates law,"September 28, 2020"
https://www.fox9.com/video/1267125,MN school resource officer changes,August 21
https://www.fox9.com/video/1267125,MN school resource officer changes,August 21
https://www.fox9.com/news/deaf-day-at-minnesota-childrens-museum-offers-inclusive-experience,'Deaf Day' at Minnesota Children's Museum offers inclusive experience,"November 13, 2022"
https://www.fox9.com/news/minneapolis-public-schools-hacked-cybersecurity,Minneapolis Public Schools doesn't realize how bad it was hacked: cybersecurity experts,"March 8, 2023"
https://www.fox9.com/news/minneapolis-public-schools-was-nearly-conned-out-of-500k,Minneapolis Public Schools was nearly conned out of $500K,"February 2, 2023"
https://www.fox9.com/news/minnesota-state-high-school-league-announces-initiative-after-racist-acts,Minnesota State High School League announces initiative after racist acts,"February 24, 2022"
https://www.fox9.com/news/north-minneapolis-high-school-breaks-ground-on-career-and-tech-center,North Minneapolis High School breaks ground on career and tech center,"September 16, 2022"
https://www.fox9.com/news/free-immunization-clinic-hosts-first-of-8-dates-for-minneapolis-students,Free immunization clinic hosts first of 8 dates for Minneapolis students,"August 19, 2019"
https://www.fox9.com/news/adjustment-disorder-experts-explain-mental-health-challenges-of-distance-learning,Mental health expert explains challenges students face with distance learning,"November 17, 2020"
https://www.fox9.com/news/browerville-minn-school-gym-demolished-after-roof-damage,"Browerville, Minn. school gym demolished after roof damage","April 2, 2023"
https://www.fox9.com/news/this-twin-cities-breakfast-spot-named-most-iconic-diner-in-minnesota,This Twin Cities breakfast spot named 'most iconic diner' in Minnesota,"July 27, 2023"
https://www.fox9.com/news/minnesota-schools-adjusts-as-temperatures-drop-to-dangerous-lows,Minnesota schools adjusts as temperatures drop to dangerous lows,"January 24, 2022"
https://www.fox9.com/news/minneapolis-public-schools-adds-mask-requirement-for-students-staff,"Minneapolis, St. Paul school districts to add mask requirement","August 5, 2021"
https://www.fox9.com/news/students-create-massive-murals-at-minneapolis-middle-school,Students create massive murals at Minneapolis middle school,"August 25, 2019"
https://www.fox9.com/news/minnesota-governor-to-announce-states-learning-plan-for-2020-21-school-year-at-2-p-m-thursday,Minnesota Governor to announce state's learning plan for 2020-21 school year at 2 p.m. Thursday,"July 29, 2020"
https://www.fox9.com/video/1182847,Broken at best: School psychologists say Minnesota students facing mental health crisis,February 19
https://www.fox9.com/video/1182847,Broken at best: School psychologists say Minnesota students facing mental health crisis,February 19
https://www.fox9.com/video/1073511,Minnesota leaders react to Texas shooting that left 14 students dead,"May 24, 2022"
https://www.fox9.com/video/1073511,Minnesota leaders react to Texas shooting that left 14 students dead,"May 24, 2022"
https://www.fox9.com/news/minnesota-music-students-to-get-full-refund-for-trip-canceled-by-pandemic,Minnesota music students to get full refund for trip canceled by pandemic,"January 15, 2021"
https://www.fox9.com/news/hcmc-minneapolis-sued-in-u-of-m-students-hypothermia-death,"HCMC, Minneapolis sued in U of M student's hypothermia death","December 13, 2016"
https://www.fox9.com/news/st-francis-middle-high-school-students-return-ahead-of-walz-announcement,"St. Francis middle, high school students return ahead of Walz announcement","February 17, 2021"
https://www.fox9.com/news/students-share-excitement-for-new-school-year-amid-pandemic,Students share excitement for new school year amid pandemic,"September 9, 2021"
https://www.fox9.com/news/eden-prairie-students-return-to-classroom-for-first-time-since-start-of-pandemic,Eden Prairie students return to classroom for first time since start of pandemic,"September 2, 2020"
https://www.fox9.com/news/minneapolis-public-schools-ransomware-attack,Ransomware criminals are dumping kids’ private files online after Minneapolis school hacks,"July 5, 2023"
https://www.fox9.com/news/twin-cities-metro-students-prepare-for-move-back-to-distance-learning,Twin Cities metro students prepare for move back to distance learning,"November 11, 2020"
https://www.fox9.com/news/minnesota-transitions-charter-school-opens-space-at-moa-after-school-was-destroyed-in-riots,Minnesota Transitions Charter School opens space at MOA after school was destroyed in riots,"September 17, 2020"
https://www.fox9.com/video/1270846,UMN students return to campus,August 28
https://www.fox9.com/video/1270846,UMN students return to campus,August 28
https://www.fox9.com/news/hourly-school-employee-bill-passes-minnesota-house-heads-to-senate,"Hourly school employee bill passes Minnesota House, heads to Senate","May 4, 2020"
https://www.fox9.com/video/1051512,Students interrupt Minneapolis school board meeting amid vote on longer school year,"March 29, 2022"
https://www.fox9.com/news/new-app-will-give-u-of-m-students-rewards-points-for-attending-athletic-events,New app will give U of M students rewards points for attending athletic events,"August 31, 2019"
https://www.fox9.com/news/u-of-m-offering-free-or-reduced-tuition-to-native-american-students,U of M offering free or reduced tuition to Native American students,"November 1, 2021"
https://www.fox9.com/news/hamster-stolen-student-art-vandalized-in-minneapolis-school-burglary,"Hamster stolen, student art vandalized in Minneapolis school burglary","November 29, 2017"
https://www.fox9.com/news/minneapolis-public-schools-students-return-to-in-person-learning-after-3-weeks-online,Minneapolis Public Schools students return to in-person learning after 2 weeks online,"January 26, 2022"
https://www.fox9.com/news/chatgpt-goes-to-university-of-minnesota-law-school-and-passes-the-final-exams,ChatGPT goes to University of Minnesota law school and passes final exams,"February 1, 2023"
https://www.fox9.com/video/607366,Hundreds of students march on Minnesota State Capitol as part of global movement against climate change,"September 20, 2019"
https://www.fox9.com/news/minnesota-students-must-take-standardized-tests-in-person-some-fear-record-number-of-opt-outs,"Minnesota students must take standardized tests in-person, some fear 'record number' of opt-outs","March 22, 2021"
https://www.fox9.com/news/u-of-m-students-studying-how-to-respond-to-natural-disasters-visit-puerto-rico-as-earthquakes-hit-country,U of M students studying how to respond to natural disasters visit Puerto Rico as earthquakes hit country,"January 30, 2020"
https://www.fox9.com/news/students-head-back-to-school-at-minnehaha-academy-for-1st-time-since-deadly-explosion,Students head back to school at Minnehaha Academy for 1st time since deadly explosion,"August 21, 2019"
https://www.fox9.com/news/university-of-minnesota-releases-4-step-housing-plan-for-students-to-return-to-campus,"University of Minnesota return to campus housing plan includes 10-day quarantine, curfews","September 1, 2020"
https://www.fox9.com/video/1230129,Shop teacher trains students for careers,June 4
https://www.fox9.com/video/1230129,Shop teacher trains students for careers,June 4
https://www.fox9.com/video/1222666,DeLaSalle student wins MN Google Doodle contest,May 18
https://www.fox9.com/video/1222666,DeLaSalle student wins MN Google Doodle contest,May 18
https://www.fox9.com/news/bill-would-require-minnesota-public-universities-to-reimburse-students-for-room-and-board-due-to-covid-19-closures,Bill would require Minnesota public universities to reimburse students for room and board due to COVID-19 closures,"March 30, 2020"
https://www.fox9.com/news/through-videos-apps-and-mobile-clinics-minnesotas-school-based-health-centers-adapt-during-pandemic,"Through videos, apps and mobile clinics, Minnesota's school-based health centers adapt during pandemic","August 16, 2020"
https://www.fox9.com/news/minnesota-student-loan-borrowers-business-owners-would-see-tax-breaks-from-fast-tracked-bill,"Minnesota student loan borrowers, business owners would see tax breaks from fast-tracked bill","January 9, 2023"
https://www.fox9.com/news/twin-cities-students-walkout-in-protest-of-amir-locke-shooting,St. Paul students walk out of class for rally on Amir Locke shooting,"February 8, 2022"
https://www.fox9.com/video/1274420,Students face sweaty start to school year,September 4
https://www.fox9.com/video/1274420,Students face sweaty start to school year,September 4
https://www.fox9.com/video/1066905,Police searching for missing University of Minnesota student,"May 8, 2022"
https://www.fox9.com/news/u-of-m-student-hit-by-car-while-riding-scooter-it-was-not-a-good-idea,U of M student hit by car while riding scooter: 'It was not a good idea',"October 31, 2019"
https://www.fox9.com/news/despite-concerns-students-parents-and-teachers-all-prepare-for-distance-learning-in-minnesota,"Despite concerns, students, parents and teachers all prepare for distance learning in Minnesota","March 29, 2020"
https://www.fox9.com/news/university-of-minnesota-students-add-covid-19-vaccine-status-to-school-year-checklist,University of Minnesota students add COVID-19 vaccine status to school year checklist,"August 27, 2021"
https://www.fox9.com/news/university-of-minnesota-suspends-in-person-instruction-amid-coronavirus-concerns,University of Minnesota suspends in-person instruction amid coronavirus concerns,"March 11, 2020"
https://www.fox9.com/news/ymca-program-helps-students-from-14-minnesota-school-districts-return-to-school-tuesday,YMCA program helps students from 14 Minnesota school districts return to school Tuesday,"September 8, 2020"
https://www.fox9.com/video/973624,Your Take: Experts discuss how to support students' mental health,"September 1, 2021"
https://www.fox9.com/video/973624,Your Take: Experts discuss how to support students' mental health,"September 1, 2021"
https://www.fox9.com/news/7-minnesota-schools-report-5-or-more-covid-19-cases-among-students-staff,"7 Minnesota schools report 5 or more COVID-19 cases among students, staff","October 2, 2020"
https://www.fox9.com/news/jerome-richardson-treadwell-student-activist-minnesota,The rise of a young leader: Minnesota student activist Jerome Richardson,"December 21, 2022"
https://www.fox9.com/news/university-of-minnesota-duluth-student-returns-from-south-korea-after-classes-canceled-due-to-coronavirus,University of Minnesota-Duluth student returns from South Korea after classes canceled due to coronavirus,"February 28, 2020"
https://www.fox9.com/news/minnesota-education-spending-bill-proposal,"Minnesota education: Pre-K, English learners focus of 'historic' new spending","March 30, 2023"
https://www.fox9.com/news/minnesota-nonprofit-forms-partnership-with-schools-to-help-kids-cut-down-on-screentime,Minnesota nonprofit forms partnership with schools to help kids cut down on screen time,"March 19, 2023"
https://www.fox9.com/news/southwestern-minnesota-school-closes-after-74-students-out-with-flu,Southwestern Minnesota school closes after 74 students out with flu,"January 25, 2019"
https://www.fox9.com/news/minneapolis-public-schools-board-to-select-preferred-superintendent-candidate,Minneapolis Public Schools board to select preferred superintendent candidate,"December 1, 2023"
https://www.fox9.com/news/minneapolis-public-school-ransomware-attack,Minneapolis Public School data released on dark web after ransomware attack,"March 17, 2023"
https://www.fox9.com/video/1195551,Minnesota nonprofit forms partnership with schools to help kids cut down on screentime,March 19
https://www.fox9.com/video/1195551,Minnesota nonprofit forms partnership with schools to help kids cut down on screentime,March 19
https://www.fox9.com/news/mnaid-financial-aid-help-for-college-students-with-undocumented-status,MNAid to offer financial aid help for college students with undocumented status,"March 20, 2023"
https://www.fox9.com/news/guilty-plea-from-ex-minnesota-teacher-who-threw-hockey-stick-at-student,Guilty plea from ex-Minnesota teacher who threw hockey stick at student,"December 27, 2022"
https://www.fox9.com/news/mps-picks-long-time-minnesota-educator-to-be-next-superintendent,MPS picks long-time Minnesota educator to be next superintendent,"December 1, 2023"
https://www.fox9.com/news/university-of-minnesota-student-tests-positive-for-coronavirus,University of Minnesota student tests positive for coronavirus,"March 13, 2020"
https://www.fox9.com/tag/series/back-to-school-covid,n/a,February 28
https://www.fox9.com/tag/series/back-to-school-covid,n/a,"October 7, 2022"
https://www.fox9.com/tag/series/back-to-school-covid,n/a,"August 18, 2022"
https://www.fox9.com/tag/series/back-to-school-covid,n/a,"August 18, 2022"
https://www.fox9.com/tag/series/back-to-school-covid,n/a,"August 14, 2022"
https://www.fox9.com/tag/series/back-to-school-covid,n/a,"August 3, 2022"
https://www.fox9.com/tag/series/back-to-school-covid,n/a,"March 11, 2022"
https://www.fox9.com/tag/series/back-to-school-covid,n/a,"February 20, 2022"
https://www.fox9.com/tag/series/back-to-school-covid,n/a,"January 25, 2022"
https://www.fox9.com/tag/series/back-to-school-covid,n/a,"September 9, 2021"
https://www.fox9.com/tag/series/back-to-school-covid,n/a,"September 9, 2021"
https://www.fox9.com/tag/series/back-to-school-covid,n/a,"September 7, 2021"
https://www.fox9.com/tag/series/back-to-school-covid,n/a,"September 7, 2021"
https://www.fox9.com/tag/series/back-to-school-covid,n/a,"September 1, 2021"
https://www.fox9.com/tag/series/back-to-school-covid,n/a,"August 31, 2021"
https://www.fox9.com/tag/series/back-to-school-covid,n/a,"August 30, 2021"
https://www.fox9.com/tag/series/back-to-school-covid,n/a,"August 27, 2021"
https://www.fox9.com/tag/series/back-to-school-covid,n/a,"August 26, 2021"
https://www.fox9.com/tag/series/back-to-school-covid,n/a,"August 23, 2021"
https://www.fox9.com/video/1121060,University of Minnesota students frustrated by dining issues,"September 21, 2022"
https://www.fox9.com/news/u-of-m-law-school-establishing-new-diversity-fellowship-program,"University of Minnesota law school establishing new diversity, fellowship program","December 21, 2022"
https://www.fox9.com/news/minnesota-legislature-set-to-ok-free-school-lunches-for-all,Free school lunches in Minnesota: Legislature set to pass bill,"March 12, 2023"
https://www.fox9.com/news/multiple-fake-school-shooting-reports-at-minnesota-schools,"Multiple fake school shooting reports, swatting incidents at Minnesota schools","September 21, 2022"
https://www.fox9.com/news/edina-high-school-students-project-will-be-launched-to-space,Edina High School students' project will be launched on SpaceX spacecraft,"December 19, 2022"
https://www.fox9.com/news/mn-school-safety-center-says-relationship-rebuilding-is-key-to-school-safety,MN School Safety Center says relationship rebuilding is key to school safety,"September 21, 2022"
https://www.fox9.com/news/paramedics-sent-to-middle-school-after-students-try-one-chip-challenge-tik-tok-trend,Paramedics sent to middle school after students fall ill from 'One Chip Challenge',"October 15, 2022"
https://www.fox9.com/news/black-high-school-students-from-minnesota-perform-at-fringe-festival-in-scotland,Black high school students from Minnesota perform at Fringe Festival in Scotland,"August 11, 2022"
https://www.fox9.com/news/swatting-calls-at-minnesota-schools-came-from-same-person-officials-say,"Swatting calls at Minnesota schools came from same person, officials say","September 22, 2022"
https://www.fox9.com/news/fact-check-walz-ad-on-education-funding-leaves-out-details,Fact Check: Walz ad on education funding leaves out details,"September 4, 2022"
https://www.fox9.com/news/minneapolis-students-set-to-return-to-class-on-tuesday-after-strike,Minneapolis students return to class on Tuesday after teachers strike,"March 28, 2022"
https://www.fox9.com/news/board-considering-changes-as-minneapolis-students-speak-out-against-longer-school-days,Board considering changes as Minneapolis students speak out against longer school days,"April 12, 2022"
https://www.fox9.com/news/minnesota-weather-cloudy-and-quiet,Minnesota Weather: Cloudy and quiet,"December 10, 2023 8:35AM"
https://www.fox9.com/news/university-of-minnesota-regent-sviggum-invited-to-morris-campus-after-too-diverse-comments,University of Minnesota Regent Sviggum invited to Morris campus after 'too diverse' comments,"October 18, 2022"
https://www.fox9.com/sports/mshsl-approves-nil-for-high-school-athletes-mandates-shot-clock-for-2023-24-season,"MSHSL approves NIL for high school athletes, mandates shot clock for 2023-24 season","June 7, 2022"
https://www.fox9.com/news/minnesota-sees-rise-in-child-covid-19-cases-amid-return-to-school,Minnesota sees rise in child COVID-19 cases amid return to school,"September 9, 2021"
https://www.fox9.com/video/1110007,Minnesota test scores show students are falling behind in reading and math,"August 25, 2022"
https://www.fox9.com/video/1110007,Minnesota test scores show students are falling behind in reading and math,"August 25, 2022"
https://www.fox9.com/news/attendance-varies-in-first-week-of-minneapolis-extended-school-year,Many students no-shows for start of extended school year in Minneapolis,"June 13, 2022"
https://www.fox9.com/news/citing-staffing-shortages-school-districts-across-minnesota-propose-to-extend-winter-break,"Citing staffing shortages, Minnesota schools propose extended winter break","December 3, 2021"
https://www.fox9.com/news/minnesota-leaders-react-to-texas-shooting-that-left-14-students-dead,Minnesota leaders react to Texas shooting that left 18 students dead,"May 24, 2022"
https://www.fox9.com/news/presidentially-pardoned-turkeys-settling-in-at-university-of-minnesota,Presidentially pardoned turkeys settling in at University of Minnesota,"December 8, 2023 5:05PM"
https://www.fox9.com/news/minnesota-graduation-rates-decline-in-2021-new-data-shows,"Minnesota graduation rates decline in 2021, new data shows","March 30, 2022"
https://www.fox9.com/news/minneapolis-public-schools-asks-parents-to-drive-kids-to-school-amid-bus-driver-shortage,Minneapolis Public Schools asks parents to drive kids to school amid bus driver shortage,"August 23, 2021"
https://www.fox9.com/news/big-tech-faces-student-data-privacy-push-in-minnesota,Big tech faces student data privacy push in Minnesota,"May 4, 2022"
https://www.fox9.com/news/minnesota-ends-school-lunch-shaming-over-student-debt,Minnesota ends school lunch shaming over student debt,"July 7, 2021"
https://www.fox9.com/news/u-of-m-dining-hall-worker-shortage-students-frustrated-with-food-issues,"U of M dining hall worker shortage, students frustrated with food issues","September 21, 2022"
https://www.fox9.com/tag/things-to-do,n/a,3 days ago
https://www.fox9.com/tag/things-to-do,n/a,4 days ago
https://www.fox9.com/tag/things-to-do,n/a,4 days ago
https://www.fox9.com/tag/things-to-do,n/a,4 days ago
https://www.fox9.com/tag/things-to-do,n/a,5 days ago
https://www.fox9.com/tag/things-to-do,n/a,5 days ago
https://www.fox9.com/tag/things-to-do,n/a,November 28
https://www.fox9.com/tag/things-to-do,n/a,November 28
https://www.fox9.com/tag/things-to-do,n/a,November 28
https://www.fox9.com/tag/things-to-do,n/a,November 27
https://www.fox9.com/tag/things-to-do,n/a,November 25
https://www.fox9.com/tag/things-to-do,n/a,November 25
https://www.fox9.com/tag/things-to-do,n/a,November 21
https://www.fox9.com/tag/things-to-do,n/a,November 21
https://www.fox9.com/tag/things-to-do,n/a,November 20
https://www.fox9.com/tag/things-to-do,n/a,November 20
https://www.fox9.com/tag/things-to-do,n/a,November 20
https://www.fox9.com/tag/things-to-do,n/a,November 20
https://www.fox9.com/tag/things-to-do,n/a,November 20
https://www.fox9.com/tag/things-to-do,n/a,November 17
https://www.fox9.com/news/u-of-m-student-returns-to-graduate-at-78-years-old,U of M student returns to graduate – at 78 years old,"May 16, 2022"
https://www.fox9.com/news/news-laws-taking-effect-in-minnesota-on-jan-1-2024,"New laws taking effect in Minnesota on Jan. 1, 2024","December 8, 2023 10:46AM"
https://www.fox9.com/news/minnesota-kicks-off-vax-to-school-campaign-to-get-eligible-students-vaccinated-before-school-year-starts,Minnesota kicks off 'Vax to School' campaign to get eligible students vaccinated before school year starts,"July 29, 2021"
https://www.fox9.com/news/minnesota-budget-surplus-forecast-2024,Minnesota budget surplus forecast at $2.4 billion heading into 2024,"December 6, 2023 10:06AM"
https://www.fox9.com/video/971782,University of Minnesota students add COVID-19 vaccine status to school year checklist,"August 27, 2021"
https://www.fox9.com/video/971782,University of Minnesota students add COVID-19 vaccine status to school year checklist,"August 27, 2021"
https://www.fox9.com/news/minnesota-students-mark-5-year-high-in-graduation-rate,Minnesota students mark 5-year high in overall graduation rate,"June 10, 2021"
https://www.fox9.com/news/university-of-minnesota-to-require-covid-19-vaccine-for-students-once-it-gets-fda-approval,University of Minnesota to require COVID-19 vaccine for students once it gets FDA approval,"August 9, 2021"
https://www.fox9.com/news/richfield-school-shooting-2-students-shot-1-killed-outside-school,"Richfield school shooting: 2 shot, 1 killed outside Richfield school","February 1, 2022"
https://www.fox9.com/news/walz-expects-all-minnesota-schools-to-offer-some-form-of-in-person-learning-by-march-8,Walz expects all Minnesota schools to offer some form of in-person learning by March 8,"February 17, 2021"
https://www.fox9.com/news/mold-inside-territorial-hall-dorm-room-displaces-univ-of-minnesota-students,Mold inside Territorial Hall dorm room displaces Univ. of Minnesota students,"October 19, 2017"
https://www.fox9.com/weather/minnesota-weather-blustery-with-snow-showers-for-saturday,Minnesota weather: Blustery with snow showers for Saturday,"December 9, 2023 7:58AM"
https://www.fox9.com/video/835139,Students react after University of Minnesota announces it will conduct majority of fall courses online,"July 29, 2020"
https://www.fox9.com/video/848677,"Minnesota students head back to school, adjust to new rules amid pandemic","September 8, 2020"
https://www.fox9.com/news/minnesota-students-push-for-a-restart-to-sports-amid-covid-19-pause,"Amid COVID-19 pause, Minnesota students hope for a restart to sports","December 5, 2020"
https://www.fox9.com/news/4-students-hurt-in-northwestern-minnesota-school-bus-crash,4 students hurt in northwestern Minnesota school bus crash,"October 14, 2021"
https://www.fox9.com/news/after-albert-lea-school-outbreak-minnesota-health-officials-urge-schools-to-mask-up,"After Albert Lea school outbreak, Minnesota health officials urge schools to mask up","August 27, 2021"
https://www.fox9.com/video/686850,Minnesota elementary school students share thoughts on unconventional school year,"May 21, 2020"
https://www.fox9.com/video/686850,Minnesota elementary school students share thoughts on unconventional school year,"May 21, 2020"
https://www.fox9.com/news/university-of-minnesota-removing-prior-felony-question-from-student-application,University of Minnesota removing prior felony question from student application,"December 6, 2016"
https://www.fox9.com/news/minnesota-student-test-scores-drop-in-2021-state-launches-learning-recovery-program,"Minnesota student test scores drop in 2021, state launches learning recovery program","August 27, 2021"
https://www.fox9.com/news/minnesota-students-colleges-navigate-test-free-application-requirements,"Minnesota students, schools navigate test-optional college applications","December 17, 2020"
https://www.fox9.com/news/minnesota-nursing-students-ready-to-join-ranks-of-those-on-the-frontlines-of-the-covid-19-pandemic,Minnesota nursing students ready to join ranks of those on the frontlines of the COVID-19 pandemic,"December 18, 2020"
https://www.fox9.com/news/new-state-guidance-helps-minnesota-schools-plan-for-prom-graduation,"New COVID-19 guidance helps Minnesota schools plan for prom, graduation","March 25, 2021"
https://www.fox9.com/news/university-of-minnesota-considers-plan-for-free-tuition-for-students-with-family-income-of-50k-or-less,University of Minnesota considers plan for free tuition for students with family income of $50K or less,"December 11, 2020"
https://www.fox9.com/news/survey-1-in-5-minnesota-high-school-students-use-e-cigarettes,Survey: 1 in 5 Minnesota high school students use e-cigarettes,"February 23, 2021"
https://www.fox9.com/news/minnesota-dept-of-education-cancels-mca-tests-for-2019-20-school-year,Minnesota Dept. of Education cancels MCA tests for 2019-20 school year,"March 31, 2020"
https://www.fox9.com/video/987424,"Most University of Minnesota students are complying to vaccine mandate deadline, officials say","October 7, 2021"
https://www.fox9.com/news/university-of-minnesota-international-students-learn-how-to-survive-the-winter,University of Minnesota International students learn how to survive the winter,"August 27, 2018"
https://www.fox9.com/news/minnesota-governor-announces-localized-return-to-school-plan-with-option-for-families-to-keep-students-home,Minnesota Governor announces localized return-to-school plan with option for families to keep students home,"July 30, 2020"
https://www.fox9.com/news/after-argosy-closure-minnesota-dental-students-ask-whats-next,"After Argosy closure, Minnesota dental students ask 'what's next?'","March 27, 2019"
https://www.fox9.com/news/back-to-classrooms-minnesota-school-administrators-say-theyll-need-more-buses-mental-health-funding,"Back to classrooms? Minnesota school administrators say they'll need more buses, mental health funding","June 30, 2020"
https://www.fox9.com/news/weekly-student-covid-19-vaccinations-double-since-launch-of-state-campaign,Minnesota sees jump in weekly student COVID-19 vaccinations amid state’s push,"August 13, 2021"
https://www.fox9.com/news/schools-struggle-to-find-hotspots-for-minnesota-students-without-internet-access,Schools struggle to find hotspots for Minnesota students without internet access,"April 9, 2020"
https://www.fox9.com/news/driver-dies-in-single-vehicle-crash-on-snowy-roads-in-southwestern-minnesota,Driver dies in single-vehicle crash on snowy roads in southwestern Minnesota,"December 9, 2023 12:08PM"
https://www.fox9.com/news/3-charged-for-swindling-medicaid-out-of-nearly-11-million,Minnesota Attorney General charges 3 in $11M Medicaid fraud case,"December 8, 2023 4:43PM"
https://www.fox9.com/news/extended-meals-program-from-usda-providing-lifeline-for-minnesota-students,Extended meals program from USDA providing lifeline for Minnesota students,"September 9, 2020"
https://www.fox9.com/news/some-minnesota-school-districts-work-through-technical-glitches-in-return-to-distance-learning,Some Minnesota school districts work through technical glitches in return to distance learning,"September 8, 2020"
https://www.fox9.com/news/state-flag-design-on-view-at-the-mall-of-america-this-weekend,MN state flag design finalists on view at the Mall of America this weekend,"December 7, 2023 9:38AM"
https://www.fox9.com/video/911398,"How Minnesota students are working to spoil ""Min"" the red panda","March 16, 2021"
https://www.fox9.com/news/winter-101-for-students-new-to-minnesota-from-warm-countries,Winter 101 for students new to Minnesota from warm countries,"November 6, 2015"
https://www.fox9.com/news/28-university-of-minnesota-students-ill-norovirus-suspected,"28 University of Minnesota students ill, norovirus suspected","April 7, 2016"
https://www.fox9.com/news/with-classes-online-3m-works-to-help-minnesota-students-do-science-experiments-from-home,"With classes online, 3M Filtrete helps Minnesota students do science experiments from home","November 19, 2020"
https://www.fox9.com/news/3-hancock-minnesota-students-remain-in-critical-condition-after-school-van-crash,"3 Hancock, Minnesota students remain in critical condition after school van crash","March 13, 2018"
https://www.fox9.com/news/minnesota-students-among-top-in-nation-on-act-tests,Minnesota students among top in nation on ACT tests,"October 17, 2018"
https://www.fox9.com/news/globe-univ-minnesota-school-of-business-campuses-to-close-in-2017,"Globe Univ., Minnesota School of Business campuses to close in 2017","December 21, 2016"
https://www.fox9.com/news/5-steps-minnesota-schools-will-take-to-determine-their-safe-learning-model,5 steps Minnesota schools will take to determine their safe learning model,"July 30, 2020"
https://www.fox9.com/weather/minnesota-weather-flirting-with-record-warmth-friday-cold-blustery-flakey-saturday,"Minnesota weather: Flirting with record warmth Friday; cold, blustery, flakey Saturday","December 8, 2023 7:34AM"
https://www.fox9.com/news/minnesota-band-students-perform-bad-guy-social-distancing-style,Minnesota band students perform 'Bad Guy' social distancing style,"March 30, 2020"
https://www.fox9.com/news/minneapolis-students-raise-money-for-supplies-to-help-children-in-ghana-struggling-to-earn-an-education,Minneapolis students raise money for supplies to help children in Ghana struggling to earn an education,"December 15, 2019"
https://www.fox9.com/news/minnesota-house-passes-107-million-summer-school-package,Minnesota House passes $107 million summer school package,"March 23, 2021"
https://www.fox9.com/news/university-of-minnesota-pushing-back-student-move-in-will-keep-classes-online-for-first-2-weeks,"University of Minnesota pushing back student move-in, will keep classes online for first 2 weeks","August 24, 2020"
https://www.fox9.com/news/globe-university-and-minnesota-school-of-business-ordered-to-pay-restitution-to-students,Globe University and Minnesota School of Business ordered to pay restitution to students,"January 4, 2017"
https://www.fox9.com/news/appeals-court-only-15-who-testified-in-globe-u-mn-school-of-business-case-entitled-to-restitution,"Appeals Court: Only 15 who testified in Globe U, MN School of Business case entitled to restitution","June 4, 2018"
https://www.fox9.com/news/university-of-minnesota-could-push-back-student-move-in-dates-due-to-covid-19-concerns,University of Minnesota could push back student move-in dates due to COVID-19 concerns,"August 21, 2020"
https://www.fox9.com/news/university-of-minnesota-refunding-students-for-some-spring-semester-expenses-fees,"University of Minnesota refunding students for some spring semester expenses, fees","April 3, 2020"
https://www.fox9.com/news/escape-the-vape-minnesota-students-can-create-a-30-second-anti-vaping-psa-to-win-500,Escape the Vape: Minnesota students can create a 30-second anti-vaping PSA to win $500,"January 21, 2021"
https://www.fox9.com/news/mdh-survey-finds-troubling-trend-of-sugary-drink-consumption-among-minnesota-students,MDH: Survey finds 'troubling' trend of sugary drink consumption among Minnesota students,"December 4, 2020"
https://www.fox9.com/news/program-allows-shelter-pets-to-go-home-for-the-holidays,Minneapolis program allows shelter pets to go home for the holidays,"December 8, 2023 5:38PM"
https://www.fox9.com/news/u-of-m-students-under-investigation-for-selling-fake-ids,U of M students under investigation for selling fake IDs,"February 23, 2018"
https://www.fox9.com/news/walz-to-announce-return-to-school-plan-for-middle-high-school-students,"Walz to announce return to school plan for middle, high school students","February 16, 2021"
https://www.fox9.com/the-jason-show/community-calendar-helps-send-minnesota-students-on-college-tours,Community calendar helps send Minnesota students on college tours,"January 24, 2018"
https://www.fox9.com/news/minnesota-school-district-unveils-new-covid-19-dashboard,Minnesota school district unveils new COVID-19 dashboard,"September 28, 2020"
https://www.fox9.com/news/minnesota-military-and-veterans-museum-looking-for-local-wwii-stories-for-future-exhibit-on-pearl-harbor,Minnesota Military and Veterans Museum looking for local WWII stories for future exhibit on Pearl Harbor,"December 8, 2023 8:47AM"
https://www.fox9.com/news/minnesota-teachers-express-concerns-2-weeks-before-states-announcement-of-return-to-school-plans,Minnesota teachers express concerns 2 weeks before state's announcement of return-to-school plans,"July 13, 2020"
https://www.fox9.com/video/859644,How back to school plans in Minnesota are going for students,"October 11, 2020"
https://www.fox9.com/video/859644,How back to school plans in Minnesota are going for students,"October 11, 2020"
https://www.fox9.com/news/north-minneapolis-students-make-solar-powered-briefcase-generators-to-help-kids-in-africa,North Minneapolis students make solar-powered briefcase generators to help kids in Africa,"November 6, 2019"
https://www.fox9.com/video/905140,Minnesota students build outdoor classroom out of snow,"February 25, 2021"
https://www.fox9.com/news/minnesota-moms-students-sew-face-masks-and-surgical-caps-for-health-care-workers,"Minnesota moms, students sew face masks and surgical caps for health care workers","April 1, 2020"
https://www.fox9.com/news/two-university-of-minnesota-students-assaulted-at-east-bank-light-rail-platform,Two University of Minnesota students assaulted at East Bank light rail platform,"May 15, 2019"
https://www.fox9.com/news/parents-of-students-with-special-needs-disappointed-in-minnesota-education-announcement,Parent of student with special needs disappointed in Minnesota education announcement,"December 16, 2020"
https://www.fox9.com/news/minnesota-transportation-company-adds-attention-getting-lights-to-school-buses,Minnesota transportation company adds 'attention-getting' lights to school buses,"August 31, 2019"
https://www.fox9.com/news/minnesota-medical-board-reprimands-physician-assistant-for-undocumented-ivermectin-use-on-covid-patients,Minnesota medical board reprimands physician assistant for undocumented Ivermectin use on COVID patients,"December 8, 2023 2:40PM"
https://www.fox9.com/news/schools-across-minnesota-grapple-with-pandemic-concerns-as-fall-draws-near,Schools across Minnesota grapple with pandemic concerns as fall draws near,"August 4, 2020"
https://www.fox9.com/video/872889,"With classes online, 3M works to help Minnesota students do science experiments from home","November 19, 2020"
https://www.fox9.com/news/minnesota-health-leaders-recommend-college-students-quarantine-for-2-weeks-before-returning-to-campus,Minnesota health leaders recommend college students quarantine for 2 weeks before returning to campus,"August 14, 2020"
https://www.fox9.com/sports/vikings-raiders-how-to-watch-minnesota-vs-las-vegas-on-sunday-dec-10,"Vikings-Raiders: How to watch Minnesota vs. Las Vegas on Sunday, Dec. 10","December 8, 2023 7:55AM"
https://www.fox9.com/news/university-of-minnesota-gives-each-student-1-saliva-covid-19-test,University of Minnesota gives each student 1 saliva COVID-19 test,"October 27, 2020"
https://www.fox9.com/news/2-dead-in-3-car-crash-in-minneapolis,2 dead in 3-car crash in Minneapolis,"December 8, 2023 7:10AM"
https://www.fox9.com/news/u-of-m-grad-student-develops-nutritious-food-pantry-just-for-students,U of M grad student develops nutritious food pantry just for students,"March 28, 2017"
https://www.fox9.com/news/loring-park-cashier-found-impaled-with-golf-club-in-deadly-attack-at-grocery-store,Loring Park cashier found impaled with golf club in deadly attack at grocery store,"December 8, 2023 9:44PM"
https://www.fox9.com/news/community-remember-slain-store-clerk,Community remembering slain store clerk,"December 10, 2023 7:55AM"
https://www.fox9.com/money/massachusetts-mother-wins-25m-lottery-vows-to-wipe-out-childrens-student-loans,"Massachusetts mother wins $25M lottery, vows to wipe out children's student loans","December 3, 2023 5:42PM"
https://www.fox9.com/news/fire-at-north-minneapolis-auto-garage-prompts-firefighter-response-evacuation,"Fire at north Minneapolis auto garage prompts firefighter response, evacuation","December 8, 2023 7:00PM"
https://www.fox9.com/news/cougars-history-details-a-lonely-journey-striking-out-for-a-mate,Minneapolis cougar’s history details a lonely journey striking out for a mate,"December 7, 2023 10:40PM"
https://www.fox9.com/news/chilling-911-calls-capture-harrowing-moments-of-deadly-unlv-shooting-a-lot-of-shots-and-then-screaming,Chilling 911 calls capture harrowing moments of deadly UNLV shooting: 'A lot of shots and then screaming',"December 9, 2023 2:11PM"
https://www.fox9.com/news/upenn-president-liz-magill-and-board-chair-resign-following-uproar-over-testimony-on-antisemitism,UPenn President Liz Magill and board chair resign following uproar over testimony on antisemitism,"December 9, 2023 4:11PM"
https://www.google.com/search?q=Minnesota+students+site:fox9.com&lr=&sca_esv=589597305&as_qdr=all&cs=1&filter=0,n/a,n/a
https://www.google.com/search?q=Minnesota+students+site:fox9.com&lr=&sca_esv=589597305&as_qdr=all&ei=Ev51ZYqoC-uZ5OMP46yKmAw&start=10&sa=N&biw=1440&bih=768&dpr=2,n/a,n/a
https://www.google.com/search?as_q=Minnesota+students&as_epq=&as_oq=&as_eq=&as_nlo=&as_nhi=&lr=&cr=&as_qdr=all&as_sitesearch=fox9.com&as_occt=any&as_filetype=&tbs=#,n/a,n/a
https://www.fox9.com/news/upenn-president-liz-magill-and-board-chair-resign-following-uproar-over-testimony-on-antisemitism,UPenn President Liz Magill and board chair resign following uproar over testimony on antisemitism,"December 9, 2023 4:11PM"
